[{"model": "importdata.game", "pk": 55, "fields": {"game_name": "Baldur's Gate", "total_views": 32}}, {"model": "importdata.game", "pk": 819, "fields": {"game_name": "Jagged Alliance 2", "total_views": 0}}, {"model": "importdata.game", "pk": 2147, "fields": {"game_name": "Thief: Deadly Shadows", "total_views": 0}}, {"model": "importdata.game", "pk": 4120, "fields": {"game_name": "Vampire: The Masquerade - Redemption", "total_views": 0}}, {"model": "importdata.game", "pk": 4140, "fields": {"game_name": "Thief: The Dark Project", "total_views": 3}}, {"model": "importdata.game", "pk": 5097, "fields": {"game_name": "Fallout 2", "total_views": 42}}, {"model": "importdata.game", "pk": 7135, "fields": {"game_name": "Thief II: The Metal Age", "total_views": 0}}, {"model": "importdata.game", "pk": 9769, "fields": {"game_name": "Baldur's Gate II: Shadows of Amn", "total_views": 10}}, {"model": "importdata.game", "pk": 10767, "fields": {"game_name": "Fallout", "total_views": 0}}, {"model": "importdata.game", "pk": 15062, "fields": {"game_name": "Vampire: The Masquerade - Bloodlines", "total_views": 6}}, {"model": "importdata.game", "pk": 18763, "fields": {"game_name": "Fallout 3", "total_views": 63}}, {"model": "importdata.game", "pk": 23453, "fields": {"game_name": "Fallout: New Vegas", "total_views": 298}}, {"model": "importdata.game", "pk": 23863, "fields": {"game_name": "Thief", "total_views": 0}}, {"model": "importdata.user", "pk": 27265662, "fields": {"display_name": "Ardilor", "type": null, "view_count": 17, "follows": 0}}, {"model": "importdata.user", "pk": 42869439, "fields": {"display_name": "InOzWeTrust", "type": null, "view_count": 2149, "follows": 58}}, {"model": "importdata.user", "pk": 50669839, "fields": {"display_name": "jeanjacklefevre", "type": null, "view_count": 2138, "follows": 338}}, {"model": "importdata.user", "pk": 51761576, "fields": {"display_name": "takaban_bakemono", "type": null, "view_count": 102, "follows": 9}}, {"model": "importdata.user", "pk": 53331116, "fields": {"display_name": "Alexa4077", "type": null, "view_count": 1275, "follows": 92}}, {"model": "importdata.user", "pk": 58202281, "fields": {"display_name": "DiN23rus", "type": null, "view_count": 10124, "follows": 88}}, {"model": "importdata.user", "pk": 62031413, "fields": {"display_name": "LinkIBe", "type": null, "view_count": 3621, "follows": 210}}, {"model": "importdata.user", "pk": 68804834, "fields": {"display_name": "PLASKOGUBCITHESLAYER", "type": null, "view_count": 794, "follows": 29}}, {"model": "importdata.user", "pk": 70802253, "fields": {"display_name": "BeautifulBearInATutu", "type": null, "view_count": 6573, "follows": 431}}, {"model": "importdata.user", "pk": 75013017, "fields": {"display_name": "TacoFister", "type": null, "view_count": 16468, "follows": 726}}, {"model": "importdata.user", "pk": 82106921, "fields": {"display_name": "ReachNetwork", "type": null, "view_count": 1967, "follows": 159}}, {"model": "importdata.user", "pk": 95194535, "fields": {"display_name": "MrDarylPhoenix", "type": null, "view_count": 1204, "follows": 46}}, {"model": "importdata.user", "pk": 98211936, "fields": {"display_name": "oleg_boozov", "type": null, "view_count": 12969, "follows": 175}}, {"model": "importdata.user", "pk": 101415835, "fields": {"display_name": "Clive87ger", "type": null, "view_count": 14003, "follows": 417}}, {"model": "importdata.user", "pk": 110642700, "fields": {"display_name": "CGNTV_", "type": null, "view_count": 295922, "follows": 18426}}, {"model": "importdata.user", "pk": 114702099, "fields": {"display_name": "CraniumBear", "type": null, "view_count": 21917, "follows": 229}}, {"model": "importdata.user", "pk": 115371248, "fields": {"display_name": "Deniglitsch121", "type": null, "view_count": 625, "follows": 56}}, {"model": "importdata.user", "pk": 137098953, "fields": {"display_name": "JugiPelaa", "type": null, "view_count": 1330340, "follows": 24351}}, {"model": "importdata.user", "pk": 138457853, "fields": {"display_name": "LaZeeNoVa", "type": null, "view_count": 9732, "follows": 344}}, {"model": "importdata.user", "pk": 140205324, "fields": {"display_name": "MrBulbash", "type": null, "view_count": 124449, "follows": 3033}}, {"model": "importdata.user", "pk": 145218456, "fields": {"display_name": "Davaeornlol", "type": null, "view_count": 11807, "follows": 313}}, {"model": "importdata.user", "pk": 188358967, "fields": {"display_name": "bruceleegod123", "type": null, "view_count": 160, "follows": 17}}, {"model": "importdata.user", "pk": 190111279, "fields": {"display_name": "RebelArtDivision", "type": null, "view_count": 286, "follows": 7}}, {"model": "importdata.stream", "pk": 30500882192, "fields": {"language": "en", "started_at": "2018-09-24T19:48:38Z", "type": "live", "viewer_count": 29, "user": 110642700, "game": null}}, {"model": "importdata.stream", "pk": 30521498400, "fields": {"language": "ru", "started_at": "2018-09-26T10:32:02Z", "type": "live", "viewer_count": 2, "user": 68804834, "game": null}}, {"model": "importdata.stream", "pk": 30521704608, "fields": {"language": "fi", "started_at": "2018-09-26T11:10:27Z", "type": "live", "viewer_count": 157, "user": 137098953, "game": null}}, {"model": "importdata.stream", "pk": 30521935024, "fields": {"language": "en-gb", "started_at": "2018-09-26T11:50:16Z", "type": "live", "viewer_count": 4, "user": 58202281, "game": null}}, {"model": "importdata.stream", "pk": 30522828752, "fields": {"language": "en", "started_at": "2018-09-26T13:51:35Z", "type": "live", "viewer_count": 29, "user": 145218456, "game": null}}, {"model": "importdata.stream", "pk": 30522889376, "fields": {"language": "en", "started_at": "2018-09-26T13:58:38Z", "type": "live", "viewer_count": 1, "user": 138457853, "game": null}}, {"model": "importdata.stream", "pk": 30522921776, "fields": {"language": "en", "started_at": "2018-09-26T14:02:00Z", "type": "live", "viewer_count": 3, "user": 51761576, "game": null}}, {"model": "importdata.stream", "pk": 30523186816, "fields": {"language": "de", "started_at": "2018-09-26T14:32:55Z", "type": "live", "viewer_count": 2, "user": 115371248, "game": null}}, {"model": "importdata.stream", "pk": 30523452368, "fields": {"language": "it", "started_at": "2018-09-26T15:01:30Z", "type": "live", "viewer_count": 10, "user": 70802253, "game": null}}, {"model": "importdata.stream", "pk": 30523504128, "fields": {"language": "en", "started_at": "2018-09-26T15:06:31Z", "type": "live", "viewer_count": 12, "user": 75013017, "game": null}}, {"model": "importdata.stream", "pk": 30523520704, "fields": {"language": "ru", "started_at": "2018-09-26T15:08:16Z", "type": "live", "viewer_count": 5, "user": 98211936, "game": null}}, {"model": "importdata.stream", "pk": 30523579360, "fields": {"language": "ru", "started_at": "2018-09-26T15:14:34Z", "type": "live", "viewer_count": 6, "user": 190111279, "game": null}}, {"model": "importdata.stream", "pk": 30523618544, "fields": {"language": "ru", "started_at": "2018-09-26T15:18:45Z", "type": "live", "viewer_count": 29, "user": 140205324, "game": null}}, {"model": "importdata.stream", "pk": 30523640448, "fields": {"language": "en", "started_at": "2018-09-26T15:21:10Z", "type": "live", "viewer_count": 8, "user": 53331116, "game": null}}, {"model": "importdata.stream", "pk": 30523644320, "fields": {"language": "en", "started_at": "2018-09-26T15:21:37Z", "type": "live", "viewer_count": 2, "user": 62031413, "game": null}}, {"model": "importdata.stream", "pk": 30523744976, "fields": {"language": "de", "started_at": "2018-09-26T15:32:02Z", "type": "live", "viewer_count": 4, "user": 101415835, "game": null}}, {"model": "importdata.stream", "pk": 30523778416, "fields": {"language": "en", "started_at": "2018-09-26T15:35:34Z", "type": "live", "viewer_count": 0, "user": 188358967, "game": null}}, {"model": "importdata.stream", "pk": 30523873696, "fields": {"language": "en", "started_at": "2018-09-26T15:45:46Z", "type": "live", "viewer_count": 1, "user": 95194535, "game": null}}, {"model": "importdata.stream", "pk": 30523879840, "fields": {"language": "ru", "started_at": "2018-09-26T15:46:27Z", "type": "live", "viewer_count": 2, "user": 50669839, "game": null}}, {"model": "importdata.stream", "pk": 30523880112, "fields": {"language": "en", "started_at": "2018-09-26T15:46:29Z", "type": "live", "viewer_count": 1, "user": 82106921, "game": null}}, {"model": "importdata.stream", "pk": 30523940352, "fields": {"language": "pl", "started_at": "2018-09-26T15:52:14Z", "type": "live", "viewer_count": 1, "user": 27265662, "game": null}}, {"model": "importdata.stream", "pk": 30524013232, "fields": {"language": "de", "started_at": "2018-09-26T15:59:24Z", "type": "live", "viewer_count": 2, "user": 114702099, "game": null}}, {"model": "importdata.stream", "pk": 30524035728, "fields": {"language": "en", "started_at": "2018-09-26T16:01:03Z", "type": "live", "viewer_count": 3, "user": 42869439, "game": null}}]
